<?xml version="1.0" encoding="UTF-8"?>
<!DOCTYPE mapper PUBLIC "-//mybatis.org//DTD Mapper 3.0//EN" "http://mybatis.org/dtd/mybatis-3-mapper.dtd">
<mapper namespace="com.maxnerva.cloudmes.mapper.basic.BasicMaterialMapper">

    <insert id="insertMaterialInfo">
        insert into basic_material(
        org_code,
        material_no,
        material_name,
        material_type,
        material_value,
        custodin_code,
        fifo,
        product_type,
        upc,
        creator,
        created_dt
        )VALUES(
        #{orgCode},
        #{materialNo},
        #{materialName},
        #{materialType},
        #{materialValue},
        #{custodinCode},
        #{fifo},
        #{productType},
        #{upc},
        #{creator},
        #{createdDt}
        )ON conflict(org_code,material_no)
        DO UPDATE SET
        material_name = EXCLUDED.material_name,
        material_type = EXCLUDED.material_type,
        material_value = EXCLUDED.material_value,
        custodin_code = EXCLUDED.custodin_code,
        fifo = EXCLUDED.fifo,
        product_type = EXCLUDED.product_type,
        upc = EXCLUDED.upc
    </insert>
    <select id="selectMaterialList" resultType="com.maxnerva.cloudmes.entity.basic.BasicMaterialEntity">
        select id, material_no, material_name, org_code, plant_code, cutting_flag from basic_sys.basic_material
        where org_code = #{orgCode}
        <if test="partNoList != null and partNoList.size() > 0">
        and material_no in
            <foreach collection="partNoList" item="item" open="(" separator="," close=")">
                #{item}
            </foreach>
        </if>
    </select>

    <select id="selectMaterialInfo" resultType="com.maxnerva.cloudmes.entity.basic.BasicMaterialEntity">
        select id, plant_code ,material_no, material_name, org_code, plant_code, cutting_flag, material_group
        from basic_sys.basic_material
        where org_code = #{orgCode}
          and plant_code = #{plantCode}
          and material_no = #{partNo}
          and is_deleted = false
          <if test="materialGroupList != null and materialGroupList.size() > 0">
            and material_group in
            <foreach collection="materialGroupList" item="item" open="(" separator="," close=")">
                #{item}
            </foreach>
          </if>
    </select>

    <select id="selectCustomerNameByMaterialNo" resultType="java.lang.String">
        select b.customer_name
        from basic_sys.basic_material_customer_code
        LEFT JOIN basic_sys.basic_customer b on basic_material_customer_code.customer_id = b.id
        where basic_material_customer_code.material_id in (select id
                              from basic_sys.basic_material
                              where basic_material.material_no = #{partNo}
                                and basic_material.org_code = #{orgCode}
                                and basic_material.plant_code = #{plantCode}
                                and basic_material.is_deleted = false)
          and basic_material_customer_code.is_deleted = false
          and basic_material_customer_code.org_code = #{orgCode}
          and basic_material_customer_code.plant_code = #{plantCode}
          limit 1
    </select>

    <select id="selectCustomerNameByMaterialNoCusNo" resultType="java.lang.String">
        SELECT
        b.customer_name
        FROM
        basic_sys.basic_material_customer_code a
        LEFT JOIN basic_sys.basic_customer b on a.customer_id = b.id
        WHERE
        a.material_id IN (
        SELECT ID
        FROM
        basic_sys.basic_material
        WHERE
         basic_material.org_code = #{orgCode}
        AND basic_material.plant_code = #{plantCode}
        AND basic_material.material_no = #{partNo}
        AND basic_material.is_deleted = FALSE
        )
        AND a.is_deleted = FALSE
        AND a.org_code = #{orgCode}
        AND a.plant_code = #{plantCode}
        <if test="customerMaterialCode != null and customerMaterialCode !=''">
            and customer_material_code = #{customerMaterialCode}
        </if>
        LIMIT 1
    </select>

    <select id="selectMaterialCategoryCode" resultType="com.maxnerva.cloudmes.entity.basic.MaterialCategoryCodeDTO">
        select a.material_no, b.class_code from basic_sys.basic_material a
        left join basic_sys.basic_material_class b on a.material_category = b.id and b.is_deleted is false
        where a.org_code = #{orgCode}
        and a.plant_code = #{plantCode}
        and a.material_no in
        <foreach collection="materialNoList" separator="," open="(" close=")" item="item">
            #{item}
        </foreach>
        and a.is_deleted is false
        and b.class_code is not null
        and b.class_code != ''
    </select>

    <select id="getMaterialPurchase" resultType="com.maxnerva.cloudmes.entity.basic.GetMaterialPurchaseDTO">
        select
        b.purchaser
        from
        basic_sys.basic_material a
        left join wms.wms_cost_purchase_relation b on a.org_code = b.org_code and a.plant_code = b.plant_code and a.purchase_org = b.purchase_organization
        where
        a.org_code = #{orgCode}
        and a.plant_code = #{plantCode}
        and a.material_no = #{partNo}
        and a.is_deleted is false
        and b.purchaser is not null
    </select>

    <select id="getProductFlag" resultType="com.maxnerva.cloudmes.entity.basic.GetProductFlagDTO">
        select org_code, plant_code, material_no, product_flag from basic_sys.basic_material where (org_code, plant_code, material_no) in
        <foreach collection="list" item="item" open="(" close=")" separator=",">
            (#{item.orgCode}, #{item.plantCode}, #{item.partNo})
        </foreach>

    </select>

</mapper>
